{
  "type": "minecraft:entity",
  "pools": [
	{
      "rolls": 4,
      "entries": [
        {
          "type": "minecraft:loot_table",
          "name": "minecraft:gameplay/totem_rarity"
        }
      ],
      "conditions": [
        {
          "condition": "minecraft:killed_by_player"
        }
      ]
    },
    {
        "rolls": 1,
        "entries": [
            {
                "type": "loot_table",
                "name": "minecraft:entities/reference/mmh/ender_dragon"
            }
        ]
    }
  ]
}
