{
  "type": "minecraft:chest",
  "pools": [
    {
      "entries": [
        {
          "type": "minecraft:item",
          "functions": [
            {
              "add": false,
              "count": {
                "type": "minecraft:uniform",
                "max": 2,
                "min": 1
              },
              "function": "minecraft:set_count"
            }
          ],
          "name": "minecraft:deepslate_copper_ore",
          "weight": 7
        },
        {
          "type": "minecraft:item",
          "functions": [
            {
              "add": false,
              "count": {
                "type": "minecraft:uniform",
                "max": 5,
                "min": 2
              },
              "function": "minecraft:set_count"
            }
          ],
          "name": "minecraft:emerald",
          "weight": 5
        },
        {
          "type": "minecraft:item",
          "functions": [
            {
              "count": {
                "type": "minecraft:uniform",
                "max": 5,
                "min": 3
              },
              "function": "minecraft:set_count",
              "add": false
            }
          ],
          "name": "minecraft:wheat",
          "weight": 5
        }
      ],
      "rolls": {
        "type": "minecraft:uniform",
        "max": 3,
        "min": 2
      }
    },
    {
      "entries": [
        {
          "type": "minecraft:item",
          "functions": [
            {
              "add": false,
              "count": {
                "type": "minecraft:uniform",
                "max": 3,
                "min": 2
              },
              "function": "minecraft:set_count"
            }
          ],
          "name": "minecraft:dark_oak_log"
        }
      ],
      "rolls": {
        "type": "minecraft:uniform",
        "max": 3,
        "min": 1
      }
    },
    {
      "entries": [
        {
          "type": "minecraft:item",
          "name": "minecraft:experience_bottle",
          "weight": 7
        },
        {
          "type": "minecraft:item",
          "functions": [
            {
              "add": false,
              "count": {
                "type": "minecraft:uniform",
                "max": 6,
                "min": 1
              },
              "function": "minecraft:set_count"
            }
          ],
          "name": "minecraft:dark_oak_planks",
          "weight": 4
        },
        {
          "type": "minecraft:item",
          "functions": [
            {
              "add": false,
              "count": {
                "type": "minecraft:uniform",
                "max": 3,
                "min": 1
              },
              "function": "minecraft:set_count"
            }
          ],
          "name": "minecraft:clay_ball",
          "weight": 3
        },
        {
          "type": "minecraft:item",
          "functions": [
            {
              "add": false,
              "count": {
                "type": "minecraft:uniform",
                "max": 3,
                "min": 1
              },
              "function": "minecraft:set_count"
            }
          ],
          "name": "minecraft:raw_iron",
          "weight": 3
        },
        {
          "type": "minecraft:item",
          "functions": [],
          "name": "minecraft:wheat_seeds"
        }
      ],
      "rolls": {
        "type": "minecraft:uniform",
        "max": 3,
        "min": 2
      }
    },
    {
      "entries": [
        {
          "type": "minecraft:item",
          "name": "minecraft:dark_oak_sapling"
        }
      ],
      "functions": [],
      "rolls": {
        "type": "minecraft:uniform",
        "max": 1,
        "min": 0
      }
    }
  ],
  "random_sequence": "minecraft:chests/pillager_outpost"
}