{
    "type": "minecraft:command",
    "pools": [
        {
            "rolls": 1,
            "entries": [
                {
                    "type": "minecraft:item",
                    "name": "minecraft:written_book",
                    "functions": [
                        {
                            "function": "minecraft:set_count",
                            "count": 1
                        },
                        {
                            "function": "minecraft:set_nbt",
                            "tag": "{display:{Name:'{\"text\":\"Guns ++ Recipes\",\"color\":\"yellow\",\"italic\":false}'},HideFlags:32,title:\"\",author:\"\",generation:2,pages:['[{\"text\":\"  \"},{\"text\":\"Guns++ Recipe Guide\\\\n\\\\n\",\"color\":\"green\",\"underlined\":true,\"hoverEvent\":{\"action\":\"show_text\",\"contents\":[{\"text\":\"Created by \"},{\"text\":\"ThePatriotsCommandXS\",\"color\":\"dark_blue\"}]}},{\"text\":\"> Revolver\\\\n\",\"color\":\"dark_gray\",\"hoverEvent\":{\"action\":\"show_text\",\"contents\":[{\"text\":\"\\\\uAB24 With this datapack, now you can\\\\n                 enchant your items up to level X!\\\\n\\\\n                 Combine two same level books to\\\\n                 upgrade to the next level!\\\\n\\\\n                 After upgrading your book, you\\\\ncan do the same to apply the enchantment\\\\n\\\\nCombining an item with same level enchanted\\\\nbook will also increase the level of the item\\\\n\\\\n\",\"color\":\"white\",\"underlined\":false},{\"text\":\"Books should have ONLY one enchantment\\\\n\",\"color\":\"red\",\"underlined\":false},{\"text\":\"To seperate enchantments into different\\\\nbooks, check \",\"underlined\":false},{\"text\":\"Disenchanting\",\"color\":\"dark_gray\",\"underlined\":false},{\"text\":\" section\\\\n\\\\n\",\"underlined\":false},{\"text\":\"Combining books requires 12 XP Levels\\\\n\\\\nEnchanting items requires 24 XP Levels\",\"color\":\"green\",\"underlined\":false}]}},{\"text\":\"> Disenchanting\\\\n\",\"color\":\"gray\",\"hoverEvent\":{\"action\":\"show_text\",\"contents\":[{\"text\":\"Disenchanting\\\\n\\\\n\",\"underlined\":true},{\"text\":\"\\\\uAD02 To disenchant an item, put a book\\\\n                 in the table as shown in the image\\\\n\\\\n                 This will take the undermost\\\\n                 enchantment from the item\\\\n                 and put it into the book\\\\n\\\\nThis can be applied to both items and books\\\\n\\\\n\",\"underlined\":false},{\"text\":\"Custom enchantments can not be disenchanted\\\\n\\\\n\",\"color\":\"red\",\"underlined\":false},{\"text\":\"Disenchanting requires 10 XP Levels\",\"color\":\"green\",\"underlined\":false}]}},{\"text\":\"> Removing Undermost    Enchantment\\\\n\",\"color\":\"dark_gray\",\"hoverEvent\":{\"action\":\"show_text\",\"contents\":[{\"text\":\"Removing Undermost Enchantment\\\\n\\\\n\",\"underlined\":true},{\"text\":\"\\\\uAD04 If you want to remove a specific\\\\n                 enchantment, put 12x Wither Rose\\\\n                 as shown in the image\\\\n\\\\n                 This will delete the undermost\\\\n                 enchantment\\\\n\\\\n\",\"underlined\":false},{\"text\":\"This will only work for vanilla enchantments\\\\n\\\\n\",\"color\":\"red\",\"underlined\":false},{\"text\":\"Removing enchantments requires 5 XP Levels\",\"color\":\"green\",\"underlined\":false}]}},{\"text\":\"> Custom Enchantment\\\\n\",\"color\":\"dark_gray\",\"clickEvent\":{\"action\":\"change_page\",\"value\":\"5\"},\"hoverEvent\":{\"action\":\"show_text\",\"contents\":[{\"text\":\"Enchant your items with useful enchantments\\\\n\\\\n\"},{\"text\":\"Click to see the custom enchantments\",\"italic\":true,\"color\":\"gray\"}]}},{\"text\":\"> Removing Custom        Enchantments\\\\n\",\"color\":\"gray\",\"hoverEvent\":{\"action\":\"show_text\",\"contents\":[{\"text\":\"Removing Custom Enchantments\\\\n\\\\n\",\"underlined\":true},{\"text\":\"\\\\uAD03 If you want to remove a custom\\\\n                 enchantment completely, rename\\\\n                 a name tag with the name of the\\\\n                 enchantment EXACTLY (with level)\\\\n\\\\n                 You can also decrease the level\\\\n                 with the same method (without level)\\\\n\\\\n\",\"underlined\":false},{\"text\":\"Removing custom enchantment requires 5 XP Levels\",\"color\":\"green\",\"underlined\":false}]}},{\"text\":\"> Option Menu\\\\n\",\"color\":\"dark_gray\",\"clickEvent\":{\"action\":\"run_command\",\"value\":\"/trigger Enchantment+Menu\"},\"hoverEvent\":{\"action\":\"show_text\",\"contents\":[{\"text\":\"Enchantment+ Option Menu\\\\n\\\\n\",\"underlined\":true},{\"text\":\"All custom enchantments can be configured\\\\nin the option menu. To open the menu, \",\"underlined\":false},{\"text\":\"click here.\\\\n\\\\n\",\"italic\":true,\"color\":\"gray\",\"underlined\":false},{\"text\":\"You can also use \",\"underlined\":false},{\"text\":\"/trigger Enchantment+Menu\",\"color\":\"gold\",\"underlined\":false},{\"text\":\"\\\\ncommand to open the option menu anywhere\\\\n\\\\n\",\"underlined\":false},{\"text\":\"(All options are personal, changing an option\\\\nwill only affect your preferences)\",\"color\":\"gray\",\"underlined\":false,\"italic\":true}]}},{\"text\":\"> Vanilla Recipes\",\"color\":\"gray\",\"hoverEvent\":{\"action\":\"show_text\",\"contents\":[{\"text\":\"Enchantment+ Table\",\"color\":\"yellow\",\"underlined\":true},{\"text\":\"   \",\"underlined\":false},{\"text\":\"Enchantment+ Guide\\\\n\",\"color\":\"yellow\"},{\"text\":\"\\\\uAF01    \\\\uAF02\\\\n\\\\n\\\\n\\\\n\\\\n\\\\n\\\\n\",\"color\":\"white\",\"underlined\":false},{\"text\":\"                      \",\"underlined\":false},{\"text\":\"Podzol\\\\n\",\"color\":\"white\"},{\"text\":\"              \",\"underlined\":false},{\"text\":\"\\\\uAF03\\\\n\\\\n\\\\n\\\\n\\\\n\\\\n\",\"color\":\"white\",\"underlined\":false}]}}]','[{\"text\":\" \"},{\"text\":\"Custom Enchantments\\\\n\\\\n\",\"color\":\"dark_red\",\"underlined\":true,\"hoverEvent\":{\"action\":\"show_text\",\"contents\":[{\"text\":\"Enchant your items with useful enchantments!\\\\nAll of them require fixed amount of xp\\\\nYou can configure them in the option menu\"}]}},{\"text\":\"• Anti-Gravity\\\\n\",\"color\":\"#AAAAFF\",\"hoverEvent\":{\"action\":\"show_text\",\"contents\":[{\"text\":\"Anti-Gravity\\\\n\",\"color\":\"#AAAAFF\",\"underlined\":true},{\"text\":\"\\\\uAC19 Arrows shot from this\\\\n                 bow won\\'t be affected\\\\n                 by gravity.\\\\n\\\\n                 Works on all arrow\\\\n                 types.\\\\n\\\\nAvailable Items: \\\\uAB10\",\"color\":\"white\",\"underlined\":false},{\"text\":\"\\\\n\\\\nRequires 20 XP Levels\",\"color\":\"green\",\"underlined\":false},{\"text\":\"\\\\n\\\\nArrows will despawn after 30 seconds\",\"underlined\":false,\"color\":\"yellow\"}]}},{\"text\":\"• Autosmelt\\\\n\",\"color\":\"red\",\"hoverEvent\":{\"action\":\"show_text\",\"contents\":[{\"text\":\"Autosmelt\\\\n\",\"color\":\"red\",\"underlined\":true},{\"text\":\"\\\\uAC01 Broken block will be\\\\n                 smelted automaticly.\\\\n\\\\n                 Ores will drop\\\\n                 experience orbs.\\\\n\\\\n\\\\nAvailable Items: \\\\uAB02\\\\uAB03\\\\uAB04\\\\uAB05\",\"color\":\"white\",\"underlined\":false},{\"text\":\"\\\\n\\\\nRequires 16 XP Levels\",\"color\":\"green\",\"underlined\":false},{\"text\":\"\\\\n\\\\nNot compatible with Fortune\",\"underlined\":false,\"color\":\"red\"}]}},{\"text\":\"• Beheading\\\\n\",\"color\":\"#85C46F\",\"hoverEvent\":{\"action\":\"show_text\",\"contents\":[{\"text\":\"Beheading\\\\n\",\"color\":\"#85C46F\",\"underlined\":true},{\"text\":\"\\\\uAC02 Killed mob will have a chance\\\\n                 to drop their head. Mobs are\\\\n                 zombie, zombie villager, husk\\\\n                 skeleton, stray, wither skeleton\\\\n                 creeper and ender dragon.\\\\n\\\\n\\\\nAvailable Items: \\\\uAB03\",\"color\":\"white\",\"underlined\":false},{\"text\":\"\\\\n\\\\nRequires 12 XP Levels\",\"color\":\"green\",\"underlined\":false},{\"text\":\"\\\\n\\\\nDiamond Axes should be undamaged\\\\n\\\\n\",\"color\":\"red\",\"underlined\":false},{\"text\":\"Beheading I: \",\"underlined\":false,\"color\":\"#85C46F\"},{\"text\":\"5% Chance\\\\n\",\"color\":\"blue\",\"underlined\":false},{\"text\":\"Beheading II: \",\"underlined\":false,\"color\":\"#85C46F\"},{\"text\":\"10% Chance\\\\n\",\"color\":\"blue\",\"underlined\":false},{\"text\":\"Beheading III: \",\"underlined\":false,\"color\":\"#85C46F\"},{\"text\":\"15% Chance\\\\n\",\"color\":\"blue\",\"underlined\":false},{\"text\":\"Beheading IV: \",\"underlined\":false,\"color\":\"#85C46F\"},{\"text\":\"20% Chance\\\\n\",\"color\":\"blue\",\"underlined\":false},{\"text\":\"Beheading V: \",\"underlined\":false,\"color\":\"#85C46F\"},{\"text\":\"25% Chance\",\"color\":\"blue\",\"underlined\":false}]}},{\"text\":\"• Deflect\\\\n\",\"color\":\"#E0A660\",\"hoverEvent\":{\"action\":\"show_text\",\"contents\":[{\"text\":\"Deflect\\\\n\",\"color\":\"#E0A660\",\"underlined\":true},{\"text\":\"\\\\uAC16 Nullifies first taken damage\\\\n\\\\n                 Has 30 seconds cooldown\\\\n\\\\n                 -1 second cooldown per\\\\n                 level (31 - <Total Level>)\\\\n\\\\nAvailable Items: \\\\uAB06\\\\uAB07\\\\uAB08\\\\uAB09\\\\uAB13\",\"color\":\"white\",\"underlined\":false},{\"text\":\"\\\\n\\\\nRequires 16 XP Levels\",\"color\":\"green\",\"underlined\":false},{\"text\":\"\\\\n\\\\nMaximum level is IV\",\"color\":\"yellow\",\"underlined\":false},{\"text\":\"\\\\n\\\\nConsumes 1 Emerald every hit\",\"color\":\"red\",\"underlined\":false}]}},{\"text\":\"• Direct\\\\n\",\"color\":\"dark_aqua\",\"hoverEvent\":{\"action\":\"show_text\",\"contents\":[{\"text\":\"Direct\\\\n\",\"color\":\"dark_aqua\",\"underlined\":true},{\"text\":\"\\\\uAC03 Dropped items\\\\n                 will be teleported\\\\n                 to the inventory.\\\\n                 Teleportation\\\\n                 range is 32 blocks.\\\\n\\\\n\\\\nAvailable Items: \\\\uAB01\\\\uAB02\\\\uAB03\\\\uAB04\\\\uAB05\\\\n\\\\n                     \\\\uAB10\\\\uAB11\\\\uAB12\\\\uAB16\",\"color\":\"white\",\"underlined\":false},{\"text\":\"\\\\n\\\\nRequires 12 XP Levels\",\"color\":\"green\",\"underlined\":false}]}},{\"text\":\"• Experience Boost\\\\n\",\"color\":\"#88FF00\",\"hoverEvent\":{\"action\":\"show_text\",\"contents\":[{\"text\":\"Experience Boost\\\\n\",\"color\":\"#88FF00\",\"underlined\":true},{\"text\":\"\\\\uAC20 Grants a chance to\\\\n                 double the amount of\\\\n                 experience points\\\\n                 given by dropped\\\\n                 experience orbs.\\\\n\\\\n\\\\nAvailable Items: \\\\uAB01\\\\uAB02\\\\uAB03\\\\uAB04\\\\uAB05\",\"color\":\"white\",\"underlined\":false},{\"text\":\"\\\\n\\\\nRequires 20 XP Levels\",\"color\":\"green\",\"underlined\":false},{\"text\":\"\\\\n\\\\nDoesn\\'t work on Ender Dragon\\\\n\\\\n\",\"color\":\"red\",\"underlined\":false},{\"text\":\"Experience Boost I: \",\"underlined\":false,\"color\":\"#88FF00\"},{\"text\":\"15% Chance\\\\n\",\"color\":\"blue\",\"underlined\":false},{\"text\":\"Experience Boost II: \",\"underlined\":false,\"color\":\"#88FF00\"},{\"text\":\"30% Chance\\\\n\",\"color\":\"blue\",\"underlined\":false},{\"text\":\"Experience Boost III: \",\"underlined\":false,\"color\":\"#88FF00\"},{\"text\":\"45% Chance\\\\n\",\"color\":\"blue\",\"underlined\":false},{\"text\":\"Experience Boost IV: \",\"underlined\":false,\"color\":\"#88FF00\"},{\"text\":\"60% Chance\\\\n\",\"color\":\"blue\",\"underlined\":false},{\"text\":\"Experience Boost V: \",\"underlined\":false,\"color\":\"#88FF00\"},{\"text\":\"75% Chance\",\"color\":\"blue\",\"underlined\":false}]}},{\"text\":\"• Eyes of Owl\\\\n\",\"color\":\"dark_purple\",\"hoverEvent\":{\"action\":\"show_text\",\"contents\":[{\"text\":\"Eyes of Owl\\\\n\",\"color\":\"dark_purple\",\"underlined\":true},{\"text\":\"\\\\uAC10 Applies night vision\\\\n                 to your helmet\\\\n\\\\n                 Required potion is\\\\n                 Potion of Night\\\\n                 Vision (8:00)\\\\n\\\\nAvailable Items: \\\\uAB06\\\\uAB13\",\"color\":\"white\",\"underlined\":false},{\"text\":\"\\\\n\\\\nRequires 20 XP Levels\",\"color\":\"green\",\"underlined\":false}]}},{\"text\":\"• Feeding Module\\\\n\",\"color\":\"#FFE000\",\"hoverEvent\":{\"action\":\"show_text\",\"contents\":[{\"text\":\"Feeding Module\\\\n\",\"color\":\"yellow\",\"underlined\":true},{\"text\":\"\\\\uAC04 Feeds you automaticly\\\\n\\\\n                 Edible foods will be eaten\\\\n\\\\n                 Has saturation mode\\\\n\\\\n\\\\nAvailable Items: \\\\uAB06\\\\uAB13\",\"color\":\"white\",\"underlined\":false},{\"text\":\"\\\\n\\\\nRequires 12 XP Levels\",\"color\":\"green\",\"underlined\":false}]}},{\"text\":\"• Heaven\\'s Lightness\\\\n\",\"color\":\"#DDDDDD\",\"hoverEvent\":{\"action\":\"show_text\",\"contents\":[{\"text\":\"Heaven\\'s Lightness\\\\n\",\"color\":\"#DDDDDD\",\"underlined\":true},{\"text\":\"\\\\uAC08 Applies slow falling\\\\n                 to your chestplate\\\\n\\\\n                 Required potion is\\\\n                 Potion of Slow\\\\n                 Falling (4:00)\\\\n\\\\nAvailable Items: \\\\uAB07\",\"color\":\"white\",\"underlined\":false},{\"text\":\"\\\\n\\\\nRequires 16 XP Levels\",\"color\":\"green\",\"underlined\":false}]}}]','[{\"text\":\"\\\\n\\\\n\"},{\"text\":\"• Icy\\\\n\",\"color\":\"#44BBFF\",\"hoverEvent\":{\"action\":\"show_text\",\"contents\":[{\"text\":\"Icy\\\\n\",\"color\":\"#44BBFF\",\"underlined\":true},{\"text\":\"\\\\uAC17 Slows down the\\\\n                 enemy by 60%\\\\n\\\\n                 Required potion is\\\\n                 Splash Potion\\\\n                 of Slowness IV\\\\n\\\\nAvailable Items: \\\\uAB01\\\\uAB03\",\"color\":\"white\",\"underlined\":false},{\"text\":\"\\\\n\\\\nRequires 16 XP Levels\\\\n\\\\n\",\"color\":\"green\",\"underlined\":false},{\"text\":\"Also disables jumping for players\\\\n\\\\n\",\"underlined\":false,\"color\":\"yellow\"},{\"text\":\"Icy I: \",\"underlined\":false,\"color\":\"#44BBFF\"},{\"text\":\"Slow down for 1 second\\\\n\",\"color\":\"blue\",\"underlined\":false},{\"text\":\"Icy II: \",\"underlined\":false,\"color\":\"#44BBFF\"},{\"text\":\"Slow down for 2 seconds\\\\n\",\"color\":\"blue\",\"underlined\":false},{\"text\":\"Icy III: \",\"underlined\":false,\"color\":\"#44BBFF\"},{\"text\":\"Slow down for 3 seconds\\\\n\",\"color\":\"blue\",\"underlined\":false},{\"text\":\"Icy IV: \",\"underlined\":false,\"color\":\"#44BBFF\"},{\"text\":\"Slow down for 4 seconds\\\\n\",\"color\":\"blue\",\"underlined\":false},{\"text\":\"Icy V: \",\"underlined\":false,\"color\":\"#44BBFF\"},{\"text\":\"Slow down for 5 seconds\",\"color\":\"blue\",\"underlined\":false}]}},{\"text\":\"• Leaping\\\\n\",\"color\":\"green\",\"hoverEvent\":{\"action\":\"show_text\",\"contents\":[{\"text\":\"Leaping\\\\n\",\"color\":\"green\",\"underlined\":true},{\"text\":\"\\\\uAC06 Applies jump boost\\\\n                 to your boots\\\\n\\\\n                 Required potion is\\\\n                 Potion of Leaping II\\\\n\\\\n\\\\nAvailable Items: \\\\uAB09\",\"color\":\"white\",\"underlined\":false},{\"text\":\"\\\\n\\\\nRequires 16 XP Levels\",\"color\":\"green\",\"underlined\":false},{\"text\":\"\\\\n\\\\nLeaping I: \",\"underlined\":false,\"color\":\"green\"},{\"text\":\"Jump 2 Blocks\\\\n\",\"color\":\"blue\",\"underlined\":false},{\"text\":\"Leaping II: \",\"underlined\":false,\"color\":\"green\"},{\"text\":\"Jump 3 Blocks\\\\n\",\"color\":\"blue\",\"underlined\":false},{\"text\":\"Leaping III: \",\"underlined\":false,\"color\":\"green\"},{\"text\":\"Jump 4 Blocks\",\"color\":\"blue\",\"underlined\":false}]}},{\"text\":\"• Lifesteal\\\\n\",\"color\":\"#FF0000\",\"hoverEvent\":{\"action\":\"show_text\",\"contents\":[{\"text\":\"Lifesteal\\\\n\",\"color\":\"#FF0000\",\"underlined\":true},{\"text\":\"\\\\uAC07 Get healed after\\\\n                 killing an entity\\\\n\\\\n                 Required potion is\\\\n                 Lingering Potion\\\\n                 of Healing II\\\\n\\\\nAvailable Items: \\\\uAB01\",\"color\":\"white\",\"underlined\":false},{\"text\":\"\\\\n\\\\nRequires 20 XP Levels\",\"color\":\"green\",\"underlined\":false},{\"text\":\"\\\\n\\\\nKilling more than 1 entity at the\\\\nsame time will also heal once\\\\n\\\\n\",\"color\":\"red\",\"underlined\":false},{\"text\":\"Lifesteal I: \",\"underlined\":false,\"color\":\"#FF0000\"},{\"text\":\"Heal 0.5 Heart\\\\n\",\"color\":\"blue\",\"underlined\":false},{\"text\":\"Lifesteal II: \",\"underlined\":false,\"color\":\"#FF0000\"},{\"text\":\"Heal 1 Heart\\\\n\",\"color\":\"blue\",\"underlined\":false},{\"text\":\"Lifesteal III: \",\"underlined\":false,\"color\":\"#FF0000\"},{\"text\":\"Heal 1.5 Heart\",\"color\":\"blue\",\"underlined\":false}]}},{\"text\":\"• Lumberjack\\\\n\",\"color\":\"#FFE000\",\"hoverEvent\":{\"action\":\"show_text\",\"contents\":[{\"text\":\"Lumberjack\\\\n\",\"color\":\"yellow\",\"underlined\":true},{\"text\":\"\\\\uAC09 Breaking one log will\\\\n                 break all other logs.\\\\n\\\\n                 Maximum block count\\\\n                 is 128 blocks.\\\\n\\\\n\\\\nAvailable Items: \\\\uAB03\",\"color\":\"white\",\"underlined\":false},{\"text\":\"\\\\n\\\\nRequires 16 XP Levels\",\"color\":\"green\",\"underlined\":false},{\"text\":\"\\\\n\\\\nDiamond Axes and Shears\\\\nshould be undamaged\\\\n\\\\n\",\"color\":\"red\",\"underlined\":false},{\"text\":\"Not compatible with Wide\",\"color\":\"red\",\"underlined\":false}]}},{\"text\":\"• Stone Fists\\\\n\",\"color\":\"dark_gray\",\"hoverEvent\":{\"action\":\"show_text\",\"contents\":[{\"text\":\"Stone Fists\\\\n\",\"color\":\"dark_gray\",\"underlined\":true},{\"text\":\"\\\\uAC05 Increases attack\\\\n                 damage\\\\n\\\\n                 Required potion is\\\\n                 Potion of Strength II\\\\n\\\\n\\\\nAvailable Items: \\\\uAB07\\\\uAB14\",\"color\":\"white\",\"underlined\":false},{\"text\":\"\\\\n\\\\nRequires 16 XP Levels\",\"color\":\"green\",\"underlined\":false},{\"text\":\"\\\\n\\\\nStone Fists I: \",\"underlined\":false,\"color\":\"dark_gray\"},{\"text\":\"+3 Attack Damage\\\\n\",\"color\":\"blue\",\"underlined\":false},{\"text\":\"Stone Fists II: \",\"underlined\":false,\"color\":\"dark_gray\"},{\"text\":\"+6 Attack Damage\\\\n\",\"color\":\"blue\",\"underlined\":false},{\"text\":\"Stone Fists III: \",\"underlined\":false,\"color\":\"dark_gray\"},{\"text\":\"+9 Attack Damage\",\"color\":\"blue\",\"underlined\":false}]}},{\"text\":\"• Thermal Plating\\\\n\",\"color\":\"gold\",\"hoverEvent\":{\"action\":\"show_text\",\"contents\":[{\"text\":\"Thermal Plating\\\\n\",\"color\":\"gold\",\"underlined\":true},{\"text\":\"\\\\uAC11 Applies fire resistance\\\\n                 to your chest gear\\\\n\\\\n                 Required potion is\\\\n                 Potion of Fire\\\\n                 Resistance (8:00)\\\\n\\\\nAvailable Items: \\\\uAB07\\\\uAB14\",\"color\":\"white\",\"underlined\":false},{\"text\":\"\\\\n\\\\nRequires 20 XP Levels\",\"color\":\"green\",\"underlined\":false}]}},{\"text\":\"• Traveler\\\\n\",\"color\":\"light_purple\",\"hoverEvent\":{\"action\":\"show_text\",\"contents\":[{\"text\":\"Traveler\\\\n\",\"color\":\"light_purple\",\"underlined\":true},{\"text\":\"\\\\uAC12 Increases movement\\\\n                 speed\\\\n\\\\n                 Required potion is\\\\n                 Potion of Swiftness II\\\\n\\\\n\\\\nAvailable Items: \\\\uAB08\",\"color\":\"white\",\"underlined\":false},{\"text\":\"\\\\n\\\\nRequires 16 XP Levels\",\"color\":\"green\",\"underlined\":false},{\"text\":\"\\\\n\\\\nTraveler I: \",\"underlined\":false,\"color\":\"light_purple\"},{\"text\":\"+40% Speed\\\\n\",\"color\":\"blue\",\"underlined\":false},{\"text\":\"Traveler II: \",\"underlined\":false,\"color\":\"light_purple\"},{\"text\":\"+80% Speed\\\\n\",\"color\":\"blue\",\"underlined\":false},{\"text\":\"Traveler III: \",\"underlined\":false,\"color\":\"light_purple\"},{\"text\":\"+120% Speed\",\"color\":\"blue\",\"underlined\":false}]}},{\"text\":\"• Unbreakable\\\\n\",\"color\":\"blue\",\"hoverEvent\":{\"action\":\"show_text\",\"contents\":[{\"text\":\"Unbreakable\\\\n\",\"color\":\"blue\",\"underlined\":true},{\"text\":\"\\\\uAC13 Makes the item\\\\n                 completely unbreakable.\\\\n\\\\n                 Required book is\\\\n                 Unbreaking X\\\\n\\\\n\\\\nAvailable Items: All Items with Durability\",\"color\":\"white\",\"underlined\":false},{\"text\":\"\\\\n\\\\nRequires 20 XP Levels\",\"color\":\"green\",\"underlined\":false},{\"text\":\"\\\\n\\\\nItem should have Unbreaking X\\\\n\\\\n\",\"color\":\"red\",\"underlined\":false},{\"text\":\"Unbreaking and Mending\\\\nenchantments will be removed\\\\n\\\\nNot compatible with Infinity\",\"color\":\"red\",\"underlined\":false}]}},{\"text\":\"• Vein Miner\\\\n\",\"color\":\"dark_green\",\"hoverEvent\":{\"action\":\"show_text\",\"contents\":[{\"text\":\"Vein Miner\\\\n\",\"color\":\"dark_green\",\"underlined\":true},{\"text\":\"\\\\uAC14 Breaking one ore will\\\\n                 break all other ores.\\\\n\\\\n                 Maximum block count\\\\n                 is 128 blocks.\\\\n\\\\n\\\\nAvailable Items: \\\\uAB02\",\"color\":\"white\",\"underlined\":false},{\"text\":\"\\\\n\\\\nRequires 16 XP Levels\",\"color\":\"green\",\"underlined\":false},{\"text\":\"\\\\n\\\\nNot compatible with Wide\",\"color\":\"red\",\"underlined\":false}]}},{\"text\":\"• Wide\\\\n\",\"color\":\"aqua\",\"hoverEvent\":{\"action\":\"show_text\",\"contents\":[{\"text\":\"Wide\\\\n\",\"color\":\"aqua\",\"underlined\":true},{\"text\":\"\\\\uAC15 Increases tool range\\\\n\\\\n                 This includes axe\\\\n                 stripping, shovel\\\\n                 pathing and hoeing.\\\\n\\\\n\\\\nAvailable Items: \\\\uAB02\\\\uAB03\\\\uAB04\\\\uAB05\\\\uAB16\",\"color\":\"white\",\"underlined\":false},{\"text\":\"\\\\n\\\\nRequires 20 XP Levels\",\"color\":\"green\",\"underlined\":false},{\"text\":\"\\\\n\\\\nWide I: \",\"underlined\":false,\"color\":\"aqua\"},{\"text\":\"3 x 3\\\\n\",\"color\":\"blue\",\"underlined\":false},{\"text\":\"Wide II: \",\"underlined\":false,\"color\":\"aqua\"},{\"text\":\"5 x 5\\\\n\",\"color\":\"blue\",\"underlined\":false},{\"text\":\"Wide III: \",\"underlined\":false,\"color\":\"aqua\"},{\"text\":\"7 x 7\\\\n\\\\n\",\"color\":\"blue\",\"underlined\":false},{\"text\":\"Tools must be undamaged and must\\\\nbe the same with your item\\\\n\\\\n\",\"color\":\"red\",\"underlined\":false},{\"text\":\"Not compatible with Lumberjack\\\\nand Vein Miner\",\"color\":\"red\",\"underlined\":false}]}}]']}"
                        }
                    ]
                }
            ]
        }
    ]
}