{
  "type": "minecraft:block",
  "pools": [
    {
      "rolls": 1,
      "entries": [
        {
          "type": "minecraft:alternatives",
          "children": [
            {
			  "type": "minecraft:item",
			  "name": "minecraft:air",
			  "conditions": [
				{
				  "condition": "minecraft:match_tool",
				  "predicate": {
					"nbt": "{du_trash:1b}"
				  }
				}
			  ]
			},
			{
			  "type": "minecraft:item",
              "name": "minecraft:stone",
              "conditions": [
                {
                  "condition": "minecraft:match_tool",
                  "predicate": {
                    "nbt": "{du_auto_smelt:1b}"
                  }
                }
              ]
			},
			{
              "type": "minecraft:item",
              "conditions": [
                {
                  "condition": "minecraft:match_tool",
                  "predicate": {
                    "enchantments": [
                      {
                        "enchantment": "minecraft:silk_touch",
                        "levels": {
                          "min": 1
                        }
                      }
                    ]
                  }
                }
              ],
              "name": "minecraft:stone"
            },
            {
              "type": "minecraft:item",
              "conditions": [
                {
                  "condition": "minecraft:survives_explosion"
                }
              ],
              "name": "minecraft:cobblestone"
            }
          ]
        }
      ]
    }
  ]
}