{
  "pools": [
    {
      "rolls": 1,
      "entries": [
        {
          "type": "minecraft:item",
          "name": "minecraft:iron_sword",
          "functions": [
            {
              "function": "minecraft:set_name",
              "name": "Iron Falchion"
            }
          ]
        }
      ],
      "functions": [
        {
          "function": "minecraft:set_nbt",
          "tag": "{CustomModelData:8666, HideFlags:32}"
        },
        {
          "function": "minecraft:set_damage",
          "damage": 5
        }
      ]
    }
  ]
}
