{
	"pools": [
		{
			"rolls":1,
			"entries": [
				{
					"type": "minecraft:alternatives",
					"children": [
						{
							"type": "item",
							"name": "minecraft:crossbow",
							"conditions": [
								{
									"condition": "entity_scores",
									"entity": "this",
									"scores": {
										"gz_bullets":{
											"min": 1,
											"max": 465
										}
									}
								}
							],
							"functions": [
								{
									"function": "minecraft:set_name",
									"name": [
										{"translate":"ggunz.item.name.gun_18_s","color":"yellow", "italic":false}
									],
									"replace": true
								},
								{
									"function": "minecraft:set_lore",
									"lore": [
										[{"translate":"ggunz.item.desc.bullets","color":"white", "italic":false},{"score":{"name":"@s","objective":"gz_bullets"}},{"text":"/"},{"score":{"name":"@s","objective":"gz_capacity"}}]
									],
									"entity": "this",
									"replace": true
								},
								{
									"function": "set_nbt",
									"tag": "{CustomModelData:88930, Charged:1b, gz_data:{capacity:17, bullets:0, reload_time:2, id:34},HideFlags:32}"
								},
								{
									"function": "minecraft:set_attributes",
									"modifiers": [
										{
											"attribute": "generic.movement_speed",
											"name": "Speed",
											"amount": 0.2,
											"operation": "multiply_base",
											"slot": [
												"mainhand"
											]
										},
										{
											"attribute": "generic.movement_speed",
											"name": "Speed",
											"amount": -0.5,
											"operation": "multiply_base",
											"slot": [
												"offhand"
											]
										}
									]
								}
							]
						},
						{
							"type": "minecraft:loot_table",
							"name": "ggunz:items/gun_18_s"
						}
					]
				}
			]
		}
	]
}