{
  "type": "minecraft:jigsaw",
  "biomes": "#trek:forest/combination/acacia_jungle_no_snow",
  "project_start_to_heightmap": "WORLD_SURFACE_WG",
  "max_distance_from_center": 64,
  "size": 2,
  "spawn_overrides": {
    "monster": {
      "bounding_box": "full",
      "spawns": [
        {
          "type": "minecraft:slime",
          "weight": 1,
          "minCount": 1,
          "maxCount": 1
        }
      ]
    },
    "misc": {
      "bounding_box": "full",
      "spawns": [
        {
          "type": "minecraft:allay",
          "weight": 1,
          "minCount": 1,
          "maxCount": 1
        }
      ]
    }
  },
  "start_height": {
    "absolute": -2
  },
  "start_pool": "trek:overworld/rare/elven_tree",
  "step": "surface_structures",
  "terrain_adaptation": "none",
  "use_expansion_hack": false
}