{
  "type": "minecraft:jigsaw",
  "biomes": "#trek:ocean/combination/cold_default",
  "project_start_to_heightmap": "WORLD_SURFACE_WG",
  "max_distance_from_center": 64,
  "size": 2,
  "spawn_overrides": {
    "ambient": {
      "bounding_box": "full",
      "spawns": []
    },
    "monster": {
      "bounding_box": "full",
      "spawns": []
    }
  },
  "start_height": {
    "absolute": 0
  },
  "start_pool": "trek:overworld/rare/island_village_1",
  "step": "surface_structures",
  "terrain_adaptation": "none",
  "use_expansion_hack": false
}