{
  "type": "minecraft:jigsaw",
  "biomes": "#minecraft:has_structure/woodland_mansion",
  "project_start_to_heightmap": "WORLD_SURFACE_WG",
  "max_distance_from_center": 64,
  "size": 2,
  "spawn_overrides": {
    "monster": {
      "bounding_box": "full",
      "spawns": [
        {
          "type": "minecraft:pillager",
          "minCount": 1,
          "maxCount": 2,
          "weight": 1
        },
        {
          "type": "minecraft:vindicator",
          "minCount": 1,
          "maxCount": 2,
          "weight": 2
        },
        {
          "type": "minecraft:illusioner",
          "minCount": 1,
          "maxCount": 1,
          "weight": 1
        }
      ]
    }
  },
  "start_height": {
    "absolute": 0
  },
  "start_pool": "trek:overworld/rare/pillager_mansion",
  "step": "surface_structures",
  "terrain_adaptation": "beard_box",
  "use_expansion_hack": false
}