{
  "type": "minecraft:jigsaw",
  "biomes": "#trek:combination/badlands_slopes_no_snow",
  "project_start_to_heightmap": "WORLD_SURFACE_WG",
  "max_distance_from_center": 64,
  "size": 2,
  "spawn_overrides": {
    "monster": {
      "bounding_box": "full",
      "spawns": [
        {
          "type": "minecraft:zombified_piglin",
          "minCount": 1,
          "maxCount": 1,
          "weight": 1
        }
      ]
    }
  },
  "start_height": {
    "absolute": -10
  },
  "start_pool": "trek:overworld/rare/portal_sword/centre",
  "step": "surface_structures",
  "terrain_adaptation": "none",
  "use_expansion_hack": false
}