{
  "type": "minecraft:chest",
  "pools": [
    {
      "rolls": 10,
      "entries": [
        {
          "type": "minecraft:item",
          "name": "minecraft:emerald",
          "weight": 10
        },
        {
          "type": "minecraft:item",
          "name": "minecraft:emerald_block",
          "weight": 2
        },
        {
          "type": "minecraft:item",
          "name": "minecraft:name_tag",
          "weight": 2
        },
        {
          "type": "minecraft:item",
          "name": "minecraft:experience_bottle",
          "weight": 7
        },
        {
          "type": "minecraft:item",
          "name": "minecraft:iron_ingot",
          "weight": 7
        },
        {
          "type": "minecraft:item",
          "name": "minecraft:sentry_armor_trim_smithing_template",
          "weight": 1
        },
        {
          "type": "minecraft:item",
          "name": "minecraft:diamond",
          "weight": 1
        },
        {
          "type": "minecraft:item",
          "name": "minecraft:target",
          "weight": 2
        },
       {
          "type": "minecraft:item",
          "functions": [
            {
              "function": "minecraft:enchant_randomly",
              "options": "#minecraft:on_random_loot"
            }
          ],
          "name": "minecraft:book",
          "weight": 1
        }
      ]
    }
  ]
}
