{
  "type": "minecraft:chest",
  "pools": [
    {
      "rolls": 5,
      "entries": [
        {
          "type": "minecraft:item",
          "name": "minecraft:wheat_seeds",
          "weight": 1,
          "functions": [
            {
              "function": "minecraft:set_count",
              "count": {
                "min": 1,
                "max": 2
              }
            }
          ]
        },
        {
          "type": "minecraft:item",
          "name": "minecraft:apple",
          "weight": 1
        },
        {
          "type": "minecraft:item",
          "name": "minecraft:gunpowder",
          "weight": 1,
          "functions": [
            {
              "function": "minecraft:set_count",
              "count": {
                "min": 1,
                "max": 2
              }
            }
          ]
        },
        {
          "type": "minecraft:item",
          "name": "minecraft:iron_nugget",
          "weight": 2
        }
      ]
    },
    {
      "rolls": 1,
      "entries": [
        {
          "type": "minecraft:empty",
          "weight": 3
        },
        {
          "type": "minecraft:item",
          "name": "minecraft:cobweb",
          "weight": 2
        },
        {
          "type": "minecraft:item",
          "name": "minecraft:iron_ingot",
          "weight": 3,
          "functions": [
            {
              "function": "minecraft:set_count",
              "count": {
                "min": 1,
                "max": 2
              }
            }
          ]
        },
        {
          "type": "minecraft:item",
          "name": "minecraft:map",
          "weight": 2
        }
      ]
    },
    {
      "rolls": 1,
      "entries": [
        {
          "type": "minecraft:empty",
          "weight": 7
        },
        {
          "type": "minecraft:item",
          "name": "minecraft:leather_leggings",
          "weight": 1
        },
        {
          "type": "minecraft:item",
          "name": "minecraft:leather_boots",
          "weight": 1
        },
        {
          "type": "minecraft:item",
          "name": "minecraft:leather_helmet",
          "weight": 1
        }
      ]
    },
    {
      "rolls": 1,
      "entries": [
        {
          "type": "minecraft:empty",
          "weight": 5
        },
        {
          "type": "minecraft:item",
          "name": "minecraft:stone_pickaxe",
          "weight": 1
        }
      ]
    }
  ]
}