{
  "type": "minecraft:chest",
  "pools": [
    {
      "rolls": 5,
      "entries": [
        {
          "type": "minecraft:item",
          "name": "minecraft:cooked_cod",
          "weight": 2,
          "functions": [
            {
              "function": "minecraft:set_count",
              "count": {
                "min": 1,
                "max": 3
              }
            }
          ]
        },
        {
          "type": "minecraft:item",
          "name": "minecraft:cooked_salmon",
          "weight": 2,
          "functions": [
            {
              "function": "minecraft:set_count",
              "count": {
                "min": 1,
                "max": 3
              }
            }
          ]
        },
        {
          "type": "minecraft:item",
          "name": "minecraft:pufferfish"
        },
        {
          "type": "minecraft:item",
          "name": "minecraft:mushroom_stew",
          "weight": 1,
          "functions": [
            {
              "function": "minecraft:set_count",
              "count": {
                "min": 2,
                "max": 3
              }
            }
          ]
        },
        {
          "type": "minecraft:item",
          "name": "minecraft:paper",
          "weight": 1,
          "functions": [
            {
              "function": "minecraft:set_count",
              "count": {
                "min": 1,
                "max": 3
              }
            }
          ]
        },
        {
          "type": "minecraft:item",
          "name": "minecraft:feather",
          "weight": 1
        },
        {
          "type": "minecraft:item",
          "name": "minecraft:book",
          "weight": 1
        },
        {
          "type": "minecraft:item",
          "name": "minecraft:raw_gold",
          "weight": 1,
          "functions": [
            {
              "function": "minecraft:set_count",
              "count": {
                "min": 1,
                "max": 2
              }
            }
          ]
        },
        {
          "type": "minecraft:item",
          "name": "minecraft:kelp",
          "weight": 1,
          "functions": [
            {
              "function": "minecraft:set_count",
              "count": 2
            }
          ]
        },
        {
          "type": "minecraft:item",
          "name": "minecraft:iron_ingot",
          "weight": 1,
          "functions": [
            {
              "function": "minecraft:set_count",
              "count": {
                "min": 2,
                "max": 3
              }
            }
          ]
        },
        {
          "type": "minecraft:item",
          "name": "minecraft:string",
          "weight": 1,
          "functions": [
            {
              "function": "minecraft:set_count",
              "count": {
                "min": 1,
                "max": 2
              }
            }
          ]
        },
        {
          "type": "minecraft:empty",
          "weight": 5
        }
      ]
    },
    {
      "rolls": 1,
      "entries": [
        {
          "type": "minecraft:empty",
          "weight": 7
        },
        {
          "type": "minecraft:item",
          "name": "minecraft:book",
          "weight": 1,
          "functions": [
            {
              "function": "minecraft:enchant_randomly",
              "options": [
                "minecraft:fortune",
                "minecraft:efficiency",
                "minecraft:loyalty",
                "minecraft:aqua_affinity"
              ]
            }
          ]
        }
      ]
    },
    {
      "rolls": 1,
      "entries": [
        {
          "type": "minecraft:empty",
          "weight": 13
        },
        {
          "type": "minecraft:item",
          "name": "minecraft:chainmail_chestplate",
          "weight": 1
        },
        {
          "type": "minecraft:item",
          "name": "minecraft:chainmail_boots",
          "weight": 1
        },
        {
          "type": "minecraft:item",
          "name": "minecraft:chainmail_helmet",
          "weight": 1
        },
        {
          "type": "minecraft:item",
          "name": "minecraft:chainmail_leggings",
          "weight": 1
        },
        {
          "type": "minecraft:item",
          "name": "minecraft:stick",
          "weight": 3,
          "functions": [
            {
              "function": "minecraft:set_count",
              "count": {
                "min": 1,
                "max": 3
              }
            }
          ]
        }
      ]
    },
    {
      "rolls": 1,
      "entries": [
        {
          "type": "minecraft:item",
          "name": "minecraft:nautilus_shell",
          "weight": 1
        },
        {
          "type": "minecraft:empty",
          "weight": 4
        },
        {
          "type": "minecraft:item",
          "name": "minecraft:spyglass",
          "weight": 1
        }
      ]
    }
  ]
}