{
  "type": "minecraft:chest",
  "pools": [
    {
      "rolls": 5,
      "entries": [
        {
          "type": "minecraft:item",
          "name": "minecraft:bone",
          "weight": 2,
          "functions": [
            {
              "function": "minecraft:set_count",
              "count": {
                "min": 1,
                "max": 3
              }
            }
          ]
        },
        {
          "type": "minecraft:item",
          "name": "minecraft:cobweb",
          "weight": 2,
          "functions": [
            {
              "function": "minecraft:set_count",
              "count": {
                "min": 1,
                "max": 5
              }
            }
          ]
        },
        {
          "type": "minecraft:item",
          "name": "minecraft:spider_eye",
          "weight": 1,
          "functions": [
            {
              "function": "minecraft:set_count",
              "count": {
                "min": 1,
                "max": 3
              }
            }
          ]
        },
        {
          "type": "minecraft:item",
          "name": "minecraft:flint",
          "weight": 1,
          "functions": [
            {
              "function": "minecraft:set_count",
              "count": {
                "min": 1,
                "max": 3
              }
            }
          ]
        }
      ]
    },
    {
      "rolls": 1,
      "entries": [
        {
          "type": "minecraft:empty",
          "weight": 4
        },
        {
          "type": "minecraft:item",
          "name": "minecraft:golden_apple",
          "weight": 3,
          "functions": [
            {
              "function": "minecraft:set_count",
              "count": {
                "min": 0,
                "max": 1
              }
            }
          ]
        }
      ]
    },
    {
      "rolls": 1,
      "entries": [
        {
          "type": "minecraft:item",
          "name": "minecraft:music_disc_13",
          "weight": 1
        },
        {
          "type": "minecraft:item",
          "name": "minecraft:music_disc_cat",
          "weight": 1
        },
        {
          "type": "minecraft:item",
          "name": "minecraft:music_disc_mall",
          "weight": 1
        },
        {
          "type": "minecraft:item",
          "name": "minecraft:music_disc_ward",
          "weight": 1
        },
        {
          "type": "minecraft:item",
          "name": "minecraft:music_disc_blocks",
          "weight": 1
        },
        {
          "type": "minecraft:item",
          "name": "minecraft:music_disc_far",
          "weight": 1
        },
        {
          "type": "minecraft:item",
          "name": "minecraft:music_disc_chirp",
          "weight": 1
        },
        {
          "type": "minecraft:item",
          "name": "minecraft:music_disc_wait",
          "weight": 1
        },
        {
          "type": "minecraft:item",
          "name": "minecraft:music_disc_mellohi",
          "weight": 1
        },
        {
          "type": "minecraft:empty",
          "weight": 18
        }
      ]
    }
  ]
}