{
  "type": "minecraft:jigsaw",
  "biomes": "#trek:forest/jungle/no_bamboo",
  "project_start_to_heightmap": "WORLD_SURFACE_WG",
  "max_distance_from_center": 64,
  "size": 2,
  "spawn_overrides": {
    "monster": {
      "bounding_box": "full",
      "spawns": [
        {
          "type": "minecraft:pillager",
          "minCount": 1,
          "maxCount": 1,
          "weight": 3
        },
        {
          "type": "minecraft:vindicator",
          "minCount": 1,
          "maxCount": 1,
          "weight": 1
        }
      ]
    }
  },
  "start_height": {
    "absolute": 0
  },
  "start_pool": "trek:overworld/medium/jungle_outpost",
  "step": "surface_structures",
  "terrain_adaptation": "beard_thin",
  "use_expansion_hack": false
}