{
  "type": "minecraft:jigsaw",
  "biomes": "#trek:forest/spruce/is_spruce_forest",
  "project_start_to_heightmap": "WORLD_SURFACE_WG",
  "max_distance_from_center": 64,
  "size": 1,
  "spawn_overrides": {
    "ambient": {
      "bounding_box": "full",
      "spawns": [
        {
          "type": "minecraft:bat",
          "weight": 1,
          "minCount": 2,
          "maxCount": 2
        }
      ]
    }
  },
  "start_height": {
    "absolute": -14
  },
  "start_pool": "trek:overworld/medium/strange_house",
  "step": "surface_structures",
  "terrain_adaptation": "none",
  "use_expansion_hack": false
}