{
  "type": "minecraft:jigsaw",
  "biomes": "#trek:has_structure/street_vendor_stall",
  "project_start_to_heightmap": "WORLD_SURFACE_WG",
  "max_distance_from_center": 64,
  "size": 1,
  "spawn_overrides": {
    "misc": {
      "bounding_box": "full",
      "spawns": [
        {
          "type": "minecraft:wandering_trader",
          "weight": 1,
          "minCount": 1,
          "maxCount": 1
        }
      ]
    }
  },
  "start_height": {
    "absolute": 0
  },
  "start_pool": "trek:overworld/medium/street_vendor_stall",
  "step": "surface_structures",
  "terrain_adaptation": "beard_thin",
  "use_expansion_hack": false
}