{
  "processors": [
    {
      "processor_type": "minecraft:rule",
      "rules": [
        {
          "location_predicate": {
            "predicate_type": "minecraft:always_true"
          },
          "input_predicate": {
            "predicate_type": "minecraft:random_block_match",
            "block": "minecraft:lantern",
            "probability": 0.5
          },
          "output_state": {
            "Name": "minecraft:soul_lantern"
          }
        },
        {
          "location_predicate": {
            "predicate_type": "minecraft:always_true"
          },
          "input_predicate": {
            "predicate_type": "minecraft:random_block_match",
            "block": "minecraft:red_stained_glass",
            "probability": 0.1
          },
          "output_state": {
            "Name": "minecraft:orange_stained_glass"
          }
        },
        {
          "location_predicate": {
            "predicate_type": "minecraft:always_true"
          },
          "input_predicate": {
            "predicate_type": "minecraft:random_block_match",
            "block": "minecraft:red_stained_glass",
            "probability": 0.111
          },
          "output_state": {
            "Name": "minecraft:yellow_stained_glass"
          }
        },
        {
          "location_predicate": {
            "predicate_type": "minecraft:always_true"
          },
          "input_predicate": {
            "predicate_type": "minecraft:random_block_match",
            "block": "minecraft:red_stained_glass",
            "probability": 0.125
          },
          "output_state": {
            "Name": "minecraft:lime_stained_glass"
          }
        },
        {
          "location_predicate": {
            "predicate_type": "minecraft:always_true"
          },
          "input_predicate": {
            "predicate_type": "minecraft:random_block_match",
            "block": "minecraft:red_stained_glass",
            "probability": 0.143
          },
          "output_state": {
            "Name": "minecraft:light_blue_stained_glass"
          }
        },
        {
          "location_predicate": {
            "predicate_type": "minecraft:always_true"
          },
          "input_predicate": {
            "predicate_type": "minecraft:random_block_match",
            "block": "minecraft:red_stained_glass",
            "probability": 0.167
          },
          "output_state": {
            "Name": "minecraft:orange_stained_glass"
          }
        },
        {
          "location_predicate": {
            "predicate_type": "minecraft:always_true"
          },
          "input_predicate": {
            "predicate_type": "minecraft:random_block_match",
            "block": "minecraft:red_stained_glass",
            "probability": 0.2
          },
          "output_state": {
            "Name": "minecraft:blue_stained_glass"
          }
        },
        {
          "location_predicate": {
            "predicate_type": "minecraft:always_true"
          },
          "input_predicate": {
            "predicate_type": "minecraft:random_block_match",
            "block": "minecraft:red_stained_glass",
            "probability": 0.25
          },
          "output_state": {
            "Name": "minecraft:purple_stained_glass"
          }
        },
        {
          "location_predicate": {
            "predicate_type": "minecraft:always_true"
          },
          "input_predicate": {
            "predicate_type": "minecraft:random_block_match",
            "block": "minecraft:red_stained_glass",
            "probability": 0.333
          },
          "output_state": {
            "Name": "minecraft:magenta_stained_glass"
          }
        },
        {
          "location_predicate": {
            "predicate_type": "minecraft:always_true"
          },
          "input_predicate": {
            "predicate_type": "minecraft:random_block_match",
            "block": "minecraft:red_stained_glass",
            "probability": 0.5
          },
          "output_state": {
            "Name": "minecraft:pink_stained_glass"
          }
        }
      ]
    }
  ]
}