{
  "processors": [
    {
      "processor_type": "minecraft:rule",
      "rules": [
        {
          "location_predicate": {
            "predicate_type": "minecraft:blockstate_match",
            "block_state": {
              "Name": "minecraft:bell",
              "Properties": {
                "attachment": "ceiling",
                "facing": "east",
                "powered": "false"
              }
            }
          },
          "input_predicate": {
            "predicate_type": "minecraft:always_true"
          },
          "output_state": {
            "Name": "minecraft:bell",
            "Properties": {
              "attachment": "ceiling",
              "facing": "east",
              "powered": "false"
            }
          }
        },
        {
          "location_predicate": {
            "predicate_type": "minecraft:always_true"
          },
          "input_predicate": {
            "predicate_type": "minecraft:block_match",
            "block": "minecraft:stone_bricks"
          },
          "output_state": {
            "Name": "minecraft:spruce_planks"
          }
        },
        {
          "location_predicate": {
            "predicate_type": "minecraft:always_true"
          },
          "input_predicate": {
            "predicate_type": "minecraft:block_match",
            "block": "minecraft:chiseled_stone_bricks"
          },
          "output_state": {
            "Name": "minecraft:spruce_planks"
          }
        },
        {
          "location_predicate": {
            "predicate_type": "minecraft:always_true"
          },
          "input_predicate": {
            "predicate_type": "minecraft:block_match",
            "block": "minecraft:polished_andesite"
          },
          "output_state": {
            "Name": "minecraft:spruce_log",
            "Properties": {
              "axis": "y"
            }
          }
        }
      ]
    }
  ]
}