{
  "type": "minecraft:jigsaw",
  "biomes": "#minecraft:has_structure/swamp_hut",
  "step": "surface_structures",
 "spawn_overrides": {
    "monster": {
      "bounding_box": "full",
      "spawns": [
        {
          "type": "minecraft:witch",
          "maxCount": 1,
          "minCount": 1,
          "weight": 1
        }
      ]
    }
  },
  "terrain_adaptation": "beard_thin",
  "start_pool": "revampedvillages:hut/start",
  "size": 7,
  "start_height": {
    "absolute": 0
  },
  "project_start_to_heightmap": "WORLD_SURFACE",
  "max_distance_from_center": 80,
  "use_expansion_hack": false
}
