{
  "type": "minecraft:disk",
  "config": {
    "state_provider": {
      "fallback": {
        "type": "minecraft:simple_state_provider",
        "state": {
          "Name": "minecraft:dark_oak_fence",
          "Properties": {
            "waterlogged": "false"
          }
        }
      },
      "rules": [
        {
          "if_true": {
            "type": "minecraft:any_of",
            "predicates": [
              {
                "type": "minecraft:matching_fluids",
                "offset": [-1,0,0],
                "fluids": "#minecraft:water"
              },
              {
                "type": "minecraft:matching_fluids",
                "offset": [1,0,0],
                "fluids": "#minecraft:water"
              },
              {
                "type": "minecraft:matching_fluids",
                "offset": [0,0,-1],
                "fluids": "#minecraft:water"
              },
              {
                "type": "minecraft:matching_fluids",
                "offset": [0,0,1],
                "fluids": "#minecraft:water"
              }
            ]
          },
          "then": {
            "type": "minecraft:simple_state_provider",
            "state": {
              "Name": "minecraft:dark_oak_fence",
              "Properties": {
                "waterlogged": "true"
              }
            }
          }
        }
      ]
    },
    "radius": 0,
    "half_height": 4,
    "target": {
      "type": "minecraft:matching_blocks",
      "blocks": "minecraft:dark_oak_fence"
    }
  }
}