{
    "type": "minecraft:crafting_shaped",
    "pattern": [
        "EY ",
        "CL ",
        " NR"
    ],
    "key": {
        "E": {
            "item": "minecraft:ender_pearl"
        },
        "Y": {
            "item": "minecraft:ender_eye"
        },
        "L": {
            "item": "minecraft:end_crystal"
        },
		"R": {
			"item": "minecraft:end_rod"
		},
		"N": {
			"item": "minecraft:netherite_block"
		},
		"C": {
			"item": "minecraft:copper_block"
		}
    },
    "result": {
        "item": "minecraft:knowledge_book"
    }
}