{
    "type": "minecraft:crafting_shaped",
    "pattern": [
        "IDG",
        "RLI",
        "II "
    ],
    "key": {
        "D": {
            "item": "minecraft:daylight_detector"
        },
        "I": {
            "item": "minecraft:iron_ingot"
        },
		"G": {
			"item": "minecraft:lime_stained_glass"
		},
		"L": {
			"item": "minecraft:lightning_rod"
		},
		"R": {
			"item": "minecraft:redstone_block"
		}
    },
    "result": {
        "item": "minecraft:knowledge_book"
    }
}