{
    "type": "minecraft:crafting_shaped",
    "pattern": [
        " FR",
        "IRB",
        "RSB"
    ],
    "key": {
        "I": {
            "item": "minecraft:iron_ingot"
        },
        "B": {
            "item": "minecraft:iron_block"
        },
        "R": {
            "item": "minecraft:red_concrete"
        },
        "F": {
            "item": "minecraft:fire_charge"
        },
        "S": {
            "item": "minecraft:stone_button"
        }
    },
    "result": {
        "item": "minecraft:knowledge_book"
    }
}