{
    "type": "minecraft:crafting_shaped",
    "pattern": [
        " PD",
        "BPB",
        "TG "
    ],
    "key": {
        "P": {
            "item": "minecraft:dragon_breath"
        },
        "D": {
            "item": "minecraft:dragon_head"
        },
        "B": {
            "item": "minecraft:blaze_powder"
        },
		"T": {
			"item": "minecraft:stone_button"
		},
		"G": {
			"item": "minecraft:gold_ingot"
		}
    },
    "result": {
        "item": "minecraft:knowledge_book"
    }
}