{
    "type": "minecraft:crafting_shaped",
    "pattern": [
        "SIN",
        "IHI",
        "BI "
    ],
    "key": {
        "I": {
            "item": "minecraft:iron_block"
        },
        "B": {
            "item": "minecraft:stone_button"
        },
        "S": {
            "item": "minecraft:seagrass"
        },
        "H": {
            "item": "minecraft:heart_of_the_sea"
        },
        "N": {
            "item": "minecraft:nether_star"
        }
    },
    "result": {
        "item": "minecraft:knowledge_book"
    }
}