{
    "type": "minecraft:crafting_shaped",
    "pattern": [
        "OOO",
        "IID",
        "BGG"
    ],
    "key": {
        "O": {
            "item": "minecraft:heavy_weighted_pressure_plate"
        },
        "I": {
            "item": "minecraft:iron_block"
        },
		"G": {
			"item": "minecraft:green_concrete"
		},
		"B": {
			"item": "minecraft:stone_button"
		},
		"D": {
			"item": "minecraft:gold_ingot"
		}
    },
    "result": {
        "item": "minecraft:knowledge_book"
    }
}