{
    "type": "minecraft:crafting_shaped",
    "pattern": [
        " GI",
        "GIT",
        "IBS"
    ],
    "key": {
        "I": {
            "item": "minecraft:iron_ingot"
        },
        "B": {
            "item": "minecraft:iron_block"
        },
        "G": {
            "item": "minecraft:glass"
        },
        "T": {
            "item": "minecraft:iron_trapdoor"
        },
        "S": {
            "item": "minecraft:stone_button"
        }
    },
    "result": {
        "item": "minecraft:knowledge_book"
    }
}